row_id;ord_id;order_date;order_time;item_id;quantity;cust_id;delivery;add_id
1;ORD_001;2024/05/10;11:30:00;3;1;1;1;1
2;ORD_001;2024/05/10;11:30:00;15;1;1;1;1
3;ORD_001;2024/05/10;11:30:00;26;1;1;1;1
4;ORD_001;2024/05/10;11:30:00;23;1;1;1;1
5;ORD_002;2024/05/11;11:50:00;23;2;41;1;41
6;ORD_002;2024/07/07;18:10:00;10;3;41;1;41
7;ORD_002;2024/07/07;18:10:00;11;1;41;1;41
8;ORD_003;2024/05/10;12:00:00;1;1;3;0;0
9;ORD_004;2024/06/10;12:00:00;23;3;18;0;0
10;ORD_005;2024/05/23;14:29:00;12;2;39;1;39
11;ORD_006;2024/06/06;17:02:00;23;1;20;1;20
12;ORD_007;2024/07/20;20:10:00;9;3;50;1;50
13;ORD_008;2024/06/30;18:48:00;3;2;49;1;49
14;ORD_008;2024/06/30;18:48:00;8;2;49;1;49
15;ORD_008;2024/06/30;18:48:00;8;1;49;1;49
16;ORD_009;2024/06/18;22:10:00;3;3;18;0;0
17;ORD_009;2024/06/18;22:10:00;19;3;18;0;0
18;ORD_009;2024/06/18;22:10:00;23;3;18;0;0
19;ORD_009;2024/06/18;22:10:00;11;3;18;0;0
20;ORD_010;2024/06/10;15:41:00;5;3;33;0;0
21;ORD_011;2024/08/04;23:22:00;6;1;21;0;0
22;ORD_012;2024/06/05;13:17:00;25;3;25;0;0
23;ORD_012;2024/06/05;13:17:00;2;3;25;0;0
24;ORD_012;2024/06/05;13:17:00;26;1;25;0;0
25;ORD_012;2024/06/05;13:17:00;4;3;25;0;0
26;ORD_013;2024/06/18;12:37:00;16;1;3;0;0
27;ORD_014;2024/06/08;21:52:00;20;1;10;0;0
28;ORD_014;2024/06/08;21:52:00;27;3;10;0;0
29;ORD_015;2024/07/08;00:12:00;18;1;5;0;0
30;ORD_016;2024/05/14;20:38:00;9;3;5;0;0
31;ORD_016;2024/05/14;20:38:00;24;1;5;0;0
32;ORD_017;2024/07/02;20:33:00;18;1;35;1;35
33;ORD_017;2024/07/02;20:33:00;5;1;35;1;35
34;ORD_017;2024/07/02;20:33:00;12;3;35;1;35
35;ORD_017;2024/07/02;20:33:00;18;2;35;1;35
36;ORD_018;2024/08/06;17:05:00;26;1;4;0;0
37;ORD_018;2024/08/06;17:05:00;4;3;4;0;0
38;ORD_018;2024/08/06;17:05:00;15;2;4;0;0
39;ORD_019;2024/07/25;22:08:00;16;1;3;0;0
40;ORD_019;2024/07/25;22:08:00;24;1;3;0;0
41;ORD_019;2024/07/25;22:08:00;6;3;3;0;0
42;ORD_019;2024/07/25;22:08:00;11;2;3;0;0
43;ORD_020;2024/08/05;00:20:00;10;1;23;1;23
44;ORD_020;2024/08/05;00:20:00;25;3;23;1;23
45;ORD_021;2024/06/08;17:55:00;23;1;3;1;3
46;ORD_021;2024/06/08;17:55:00;21;3;3;1;3
47;ORD_022;2024/05/28;21:35:00;6;2;1;0;0
48;ORD_022;2024/05/28;21:35:00;22;3;1;0;0
49;ORD_022;2024/05/28;21:35:00;10;2;1;0;0
50;ORD_023;2024/05/29;12:00:00;9;3;17;1;17
51;ORD_023;2024/05/29;12:00:00;6;2;17;1;17
52;ORD_023;2024/05/29;12:00:00;25;2;17;1;17
53;ORD_023;2024/05/29;12:00:00;5;3;17;1;17
54;ORD_024;2024/06/08;11:46:00;15;2;17;1;17
55;ORD_025;2024/08/05;11:12:00;16;3;14;1;14
56;ORD_025;2024/08/05;11:12:00;14;2;14;1;14
57;ORD_026;2024/07/22;11:53:00;3;2;10;0;0
58;ORD_026;2024/07/22;11:53:00;17;3;10;0;0
59;ORD_027;2024/05/29;00:39:00;21;2;23;0;0
60;ORD_027;2024/05/29;00:39:00;10;1;23;0;0
61;ORD_027;2024/05/29;00:39:00;1;3;23;0;0
62;ORD_028;2024/06/11;15:05:00;18;2;3;1;3
63;ORD_028;2024/06/11;15:05:00;7;3;3;1;3
64;ORD_028;2024/06/11;15:05:00;16;1;3;1;3
65;ORD_028;2024/06/11;15:05:00;13;2;3;1;3
66;ORD_029;2024/05/18;23:58:00;8;1;43;1;43
67;ORD_029;2024/05/18;23:58:00;16;3;43;1;43
68;ORD_030;2024/06/11;16:55:00;16;2;47;0;0
69;ORD_030;2024/06/11;16:55:00;7;2;47;0;0
70;ORD_030;2024/06/11;16:55:00;6;1;47;0;0
71;ORD_030;2024/06/11;16:55:00;3;3;47;0;0
72;ORD_031;2024/05/14;20:57:00;7;1;35;1;35
73;ORD_032;2024/05/28;18:34:00;2;1;23;1;23
74;ORD_032;2024/05/28;18:34:00;14;2;23;1;23
75;ORD_032;2024/05/28;18:34:00;7;3;23;1;23
76;ORD_032;2024/05/28;18:34:00;17;1;23;1;23
77;ORD_033;2024/07/31;17:28:00;17;3;4;1;4
78;ORD_033;2024/07/31;17:28:00;7;3;4;1;4
79;ORD_033;2024/07/31;17:28:00;15;2;4;1;4
80;ORD_033;2024/07/31;17:28:00;12;1;4;1;4
81;ORD_034;2024/07/11;18:05:00;22;2;34;0;0
82;ORD_034;2024/07/11;18:05:00;20;2;34;0;0
83;ORD_034;2024/07/11;18:05:00;23;3;34;0;0
84;ORD_035;2024/06/17;11:19:00;4;1;29;1;29
85;ORD_035;2024/06/17;11:19:00;16;1;29;1;29
86;ORD_035;2024/06/17;11:19:00;18;2;29;1;29
87;ORD_035;2024/06/17;11:19:00;16;3;29;1;29
88;ORD_036;2024/07/04;23:34:00;6;2;47;1;47
89;ORD_036;2024/07/04;23:34:00;15;3;47;1;47
90;ORD_036;2024/07/04;23:34:00;27;1;47;1;47
91;ORD_037;2024/06/02;15:22:00;4;2;41;1;41
92;ORD_037;2024/06/02;15:22:00;11;3;41;1;41
93;ORD_037;2024/06/02;15:22:00;15;1;41;1;41
94;ORD_038;2024/07/16;22:45:00;18;2;49;0;0
95;ORD_038;2024/07/16;22:45:00;15;3;49;0;0
96;ORD_038;2024/07/16;22:45:00;9;2;49;0;0
97;ORD_039;2024/07/08;21:06:00;19;1;26;1;26
98;ORD_040;2024/07/20;13:47:00;3;1;45;1;45
99;ORD_040;2024/07/20;13:47:00;12;2;45;1;45
100;ORD_040;2024/07/20;13:47:00;18;2;45;1;45
101;ORD_041;2024/05/13;00:02:00;8;2;34;0;0
102;ORD_041;2024/05/13;00:02:00;10;3;34;0;0
103;ORD_041;2024/05/13;00:02:00;11;2;34;0;0
104;ORD_042;2024/07/10;15:11:00;27;1;25;0;0
105;ORD_042;2024/07/10;15:11:00;6;2;25;0;0
106;ORD_043;2024/06/05;21:34:00;21;3;50;1;50
107;ORD_043;2024/06/05;21:34:00;4;1;50;1;50
108;ORD_043;2024/06/05;21:34:00;11;3;50;1;50
109;ORD_044;2024/08/04;22:17:00;22;2;38;1;38
110;ORD_045;2024/05/30;14:54:00;5;3;44;1;44
111;ORD_045;2024/05/30;14:54:00;27;2;44;1;44
112;ORD_045;2024/05/30;14:54:00;3;2;44;1;44
113;ORD_045;2024/05/30;14:54:00;1;1;44;1;44
114;ORD_046;2024/07/02;20:28:00;22;3;1;1;1
115;ORD_046;2024/07/02;20:28:00;13;1;1;1;1
116;ORD_046;2024/07/02;20:28:00;13;2;1;1;1
117;ORD_046;2024/07/02;20:28:00;17;2;1;1;1
118;ORD_047;2024/07/20;16:17:00;6;2;44;1;44
119;ORD_048;2024/07/26;20:58:00;3;3;15;1;15
120;ORD_049;2024/05/13;17:25:00;2;1;27;1;27
121;ORD_050;2024/06/15;15:42:00;3;1;49;0;0
122;ORD_050;2024/06/15;15:42:00;17;2;49;0;0
123;ORD_050;2024/06/15;15:42:00;10;3;49;0;0
124;ORD_051;2024/07/11;00:00:00;27;1;8;0;0
125;ORD_051;2024/07/11;00:00:00;15;3;8;0;0
126;ORD_051;2024/07/11;00:00:00;6;1;8;0;0
127;ORD_052;2024/06/18;23:42:00;5;2;32;1;32
128;ORD_052;2024/06/18;23:42:00;10;2;32;1;32
129;ORD_052;2024/06/18;23:42:00;10;1;32;1;32
130;ORD_053;2024/06/27;16:33:00;14;3;32;0;0
131;ORD_053;2024/06/27;16:33:00;20;1;32;0;0
132;ORD_053;2024/06/27;16:33:00;7;3;32;0;0
133;ORD_054;2024/06/30;20:00:00;16;3;26;1;26
134;ORD_054;2024/06/30;20:00:00;14;3;26;1;26
135;ORD_054;2024/06/30;20:00:00;1;1;26;1;26
136;ORD_055;2024/05/13;13:43:00;16;1;3;0;0
137;ORD_055;2024/05/13;13:43:00;7;1;3;0;0
138;ORD_055;2024/05/13;13:43:00;24;2;3;0;0
139;ORD_056;2024/07/05;19:17:00;19;3;2;0;0
140;ORD_056;2024/07/05;19:17:00;22;3;2;0;0
141;ORD_056;2024/07/05;19:17:00;9;2;2;0;0
142;ORD_056;2024/07/05;19:17:00;3;2;2;0;0
143;ORD_057;2024/07/02;23:34:00;27;1;31;1;31
144;ORD_057;2024/07/02;23:34:00;1;3;31;1;31
145;ORD_057;2024/07/02;23:34:00;15;2;31;1;31
146;ORD_057;2024/07/02;23:34:00;11;1;31;1;31
147;ORD_058;2024/06/22;00:57:00;14;2;50;1;50
148;ORD_058;2024/06/22;00:57:00;8;3;50;1;50
149;ORD_058;2024/06/22;00:57:00;16;3;50;1;50
150;ORD_058;2024/06/22;00:57:00;21;1;50;1;50
151;ORD_059;2024/05/25;13:37:00;15;3;12;1;12
152;ORD_059;2024/05/25;13:37:00;12;2;12;1;12
153;ORD_059;2024/05/25;13:37:00;8;3;12;1;12
154;ORD_059;2024/05/25;13:37:00;9;1;12;1;12
155;ORD_060;2024/08/03;14:59:00;13;3;42;0;0
156;ORD_060;2024/06/02;00:56:00;16;2;42;0;0
157;ORD_061;2024/06/02;00:56:00;17;3;43;0;0
158;ORD_061;2024/06/02;00:56:00;19;3;43;0;0
159;ORD_061;2024/07/19;21:25:00;9;2;43;0;0
160;ORD_062;2024/08/02;21:51:00;23;2;23;0;0
161;ORD_062;2024/08/02;21:51:00;1;1;23;0;0
162;ORD_062;2024/08/02;21:51:00;21;3;23;0;0
163;ORD_062;2024/08/02;21:51:00;25;3;23;0;0
164;ORD_063;2024/07/12;00:39:00;15;3;41;1;41
165;ORD_063;2024/07/12;00:39:00;21;3;41;1;41
166;ORD_064;2024/06/02;15:24:00;19;2;30;0;0
167;ORD_064;2024/06/02;15:24:00;14;3;30;0;0
168;ORD_064;2024/06/02;15:24:00;18;1;30;0;0
169;ORD_065;2024/06/24;15:01:00;24;2;50;1;50
170;ORD_065;2024/06/24;15:01:00;24;2;50;1;50
171;ORD_065;2024/06/24;15:01:00;1;1;50;1;50
172;ORD_065;2024/06/24;15:01:00;1;2;50;1;50
173;ORD_066;2024/07/27;17:25:00;27;1;33;0;0
174;ORD_066;2024/07/27;17:25:00;6;3;33;0;0
175;ORD_066;2024/07/27;17:25:00;17;1;33;0;0
176;ORD_066;2024/07/27;17:25:00;22;1;33;0;0
177;ORD_067;2024/05/31;18:12:00;1;2;42;1;42
178;ORD_067;2024/05/31;18:12:00;3;1;42;1;42
179;ORD_067;2024/05/31;18:12:00;10;3;42;1;42
180;ORD_068;2024/07/15;14:03:00;11;2;1;0;0
181;ORD_068;2024/07/15;14:03:00;27;1;1;0;0
182;ORD_069;2024/06/08;20:45:00;17;3;28;0;0
183;ORD_069;2024/06/08;20:45:00;17;3;28;0;0
184;ORD_069;2024/06/08;20:45:00;15;2;28;0;0
185;ORD_070;2024/06/16;11:10:00;5;3;50;1;50
186;ORD_071;2024/07/12;17:37:00;24;3;33;1;33
187;ORD_071;2024/07/12;17:37:00;14;2;33;1;33
188;ORD_071;2024/07/12;17:37:00;8;3;33;1;33
189;ORD_071;2024/07/12;17:37:00;17;2;33;1;33
190;ORD_072;2024/05/18;14:38:00;12;3;6;0;0
191;ORD_072;2024/05/18;14:38:00;24;1;6;0;0
192;ORD_072;2024/05/18;14:38:00;24;2;6;0;0
193;ORD_073;2024/07/26;16:48:00;14;2;13;0;0
194;ORD_073;2024/07/26;16:48:00;27;2;13;0;0
195;ORD_073;2024/07/26;16:48:00;24;1;13;0;0
196;ORD_074;2024/06/29;11:37:00;10;2;17;0;0
197;ORD_074;2024/06/29;11:37:00;15;2;17;0;0
198;ORD_074;2024/06/29;11:37:00;23;2;17;0;0
199;ORD_074;2024/06/29;11:37:00;5;1;17;0;0
200;ORD_075;2024/07/05;12:11:00;20;3;31;0;0
201;ORD_075;2024/07/05;12:11:00;22;3;31;0;0
202;ORD_075;2024/07/05;12:11:00;11;1;31;0;0
203;ORD_076;2024/08/03;00:04:00;18;2;46;0;0
204;ORD_077;2024/08/03;23:26:00;7;3;16;1;16
205;ORD_077;2024/08/03;23:26:00;15;2;16;1;16
206;ORD_078;2024/08/03;23:33:00;12;3;21;1;21
207;ORD_078;2024/08/03;23:33:00;8;1;21;1;21
208;ORD_078;2024/08/03;23:33:00;25;1;21;1;21
209;ORD_079;2024/08/10;21:47:00;8;1;40;1;40
210;ORD_079;2024/08/10;21:47:00;20;1;40;1;40
211;ORD_080;2024/07/18;21:18:00;2;2;30;1;30
212;ORD_080;2024/07/18;21:18:00;6;3;30;1;30
213;ORD_081;2024/06/12;20:50:00;27;3;35;0;0
214;ORD_081;2024/06/12;20:50:00;20;2;35;0;0
215;ORD_081;2024/06/12;20:50:00;24;2;35;0;0
216;ORD_082;2024/06/07;16:16:00;16;1;11;0;0
217;ORD_082;2024/06/07;16:16:00;14;3;11;0;0
218;ORD_082;2024/06/07;16:16:00;9;2;11;0;0
219;ORD_082;2024/06/07;16:16:00;26;1;11;0;0
220;ORD_083;2024/06/11;20:16:00;1;2;29;1;29
221;ORD_084;2024/06/24;21:22:00;24;1;24;0;0
222;ORD_084;2024/06/24;21:22:00;9;1;24;0;0
223;ORD_084;2024/06/24;21:22:00;18;1;24;0;0
224;ORD_084;2024/06/24;21:22:00;18;2;24;0;0
225;ORD_085;2024/08/05;00:26:00;17;1;40;0;0
226;ORD_085;2024/08/05;00:26:00;6;2;40;0;0
227;ORD_085;2024/08/05;00:26:00;12;1;40;0;0
228;ORD_085;2024/08/05;00:26:00;15;1;40;0;0
229;ORD_086;2024/05/31;13:02:00;17;3;27;1;27
230;ORD_087;2024/05/29;23:23:00;8;1;16;1;16
231;ORD_088;2024/05/18;23:07:00;11;1;36;1;36
232;ORD_088;2024/05/18;23:07:00;10;1;36;1;36
233;ORD_088;2024/05/18;23:07:00;4;3;36;1;36
234;ORD_089;2024/06/25;00:17:00;26;3;45;0;0
235;ORD_089;2024/06/25;00:17:00;2;1;45;0;0
236;ORD_090;2024/05/27;15:59:00;14;2;31;0;0
237;ORD_090;2024/05/27;15:59:00;5;2;31;0;0
238;ORD_091;2024/08/02;23:11:00;8;3;9;0;0
239;ORD_092;2024/06/26;00:31:00;22;3;46;0;0
240;ORD_093;2024/08/05;18:24:00;13;1;47;0;0
241;ORD_093;2024/08/05;18:24:00;9;3;47;0;0
242;ORD_093;2024/08/05;18:24:00;15;3;47;0;0
243;ORD_093;2024/08/05;18:24:00;5;1;47;0;0
244;ORD_094;2024/06/29;20:45:00;24;2;6;0;0
245;ORD_094;2024/06/29;20:45:00;22;2;6;0;0
246;ORD_094;2024/06/29;20:45:00;13;1;6;0;0
247;ORD_095;2024/05/26;15:30:00;8;1;36;0;0
248;ORD_095;2024/05/26;15:30:00;13;1;36;0;0
249;ORD_095;2024/05/26;15:30:00;15;2;36;0;0
250;ORD_096;2024/07/23;14:38:00;11;2;50;1;50
251;ORD_096;2024/07/23;14:38:00;8;1;50;1;50
252;ORD_096;2024/07/23;14:38:00;24;3;50;1;50
253;ORD_097;2024/05/31;15:17:00;15;3;9;0;0
254;ORD_098;2024/05/27;11:48:00;3;1;10;0;0
255;ORD_098;2024/05/27;11:48:00;12;1;10;0;0
256;ORD_098;2024/05/27;11:48:00;24;1;10;0;0
257;ORD_098;2024/05/27;11:48:00;3;1;10;0;0
258;ORD_099;2024/06/30;23:41:00;9;3;47;0;0
259;ORD_099;2024/06/30;23:41:00;15;2;47;0;0
260;ORD_099;2024/06/30;23:41:00;14;2;47;0;0
261;ORD_099;2024/06/30;23:41:00;9;2;47;0;0
262;ORD_100;2024/06/22;18:47:00;27;2;11;0;0
263;ORD_100;2024/06/22;18:47:00;1;1;11;0;0
264;ORD_100;2024/06/22;18:47:00;5;2;11;0;0
265;ORD_100;2024/06/22;18:47:00;5;3;11;0;0
266;ORD_101;2024/06/22;00:22:00;12;2;5;0;0
267;ORD_101;2024/06/22;00:22:00;26;2;5;0;0
268;ORD_101;2024/06/22;00:22:00;3;3;5;0;0
269;ORD_102;2024/06/02;16:39:00;19;1;29;1;29
270;ORD_103;2024/07/27;17:33:00;15;1;27;0;0
271;ORD_103;2024/07/27;17:33:00;14;2;27;0;0
272;ORD_103;2024/07/27;17:33:00;23;2;27;0;0
273;ORD_104;2024/06/14;15:59:00;7;3;19;0;0
274;ORD_104;2024/06/14;15:59:00;7;2;19;0;0
275;ORD_104;2024/06/14;15:59:00;19;2;19;0;0
276;ORD_105;2024/06/22;13:52:00;24;2;48;1;48
277;ORD_106;2024/06/29;12:59:00;16;1;2;0;0
278;ORD_106;2024/06/29;12:59:00;10;3;2;0;0
279;ORD_107;2024/05/24;18:37:00;16;2;40;0;0
280;ORD_107;2024/05/24;18:37:00;9;1;40;0;0
281;ORD_108;2024/08/06;20:20:00;13;3;2;0;0
282;ORD_109;2024/06/15;13:02:00;17;3;14;1;14
283;ORD_109;2024/06/15;13:02:00;12;1;14;1;14
284;ORD_109;2024/06/15;13:02:00;16;2;14;1;14
285;ORD_109;2024/06/15;13:02:00;8;1;14;1;14
286;ORD_110;2024/07/28;13:06:00;8;1;37;1;37
287;ORD_111;2024/06/05;19:21:00;11;3;1;0;0
288;ORD_111;2024/06/05;19:21:00;3;1;1;0;0
289;ORD_111;2024/06/05;19:21:00;21;3;1;0;0
290;ORD_112;2024/07/20;00:54:00;21;2;6;0;0
291;ORD_112;2024/07/20;00:54:00;17;3;6;0;0
292;ORD_113;2024/05/25;00:34:00;24;3;34;0;0
293;ORD_114;2024/07/17;15:11:00;22;1;16;1;16
294;ORD_115;2024/05/13;22:30:00;13;1;28;1;28
295;ORD_116;2024/07/05;21:27:00;22;2;28;1;28
296;ORD_116;2024/07/05;21:27:00;18;3;28;1;28
297;ORD_116;2024/07/05;21:27:00;8;2;28;1;28
298;ORD_117;2024/05/15;22:09:00;3;2;20;1;20
299;ORD_118;2024/05/24;12:50:00;6;1;40;1;40
300;ORD_118;2024/05/24;12:50:00;3;2;40;1;40
301;ORD_118;2024/05/24;12:50:00;9;3;40;1;40
302;ORD_119;2024/08/02;14:39:00;3;2;38;1;38
303;ORD_119;2024/08/02;14:39:00;25;1;38;1;38
304;ORD_119;2024/08/02;14:39:00;12;3;38;1;38
305;ORD_119;2024/08/02;14:39:00;1;3;38;1;38
306;ORD_120;2024/07/07;18:10:00;10;3;41;1;41
307;ORD_121;2024/07/13;12:11:00;19;1;45;1;45
308;ORD_121;2024/07/13;12:11:00;1;2;45;1;45
309;ORD_121;2024/07/13;12:11:00;1;2;45;1;45
310;ORD_122;2024/05/26;18:18:00;26;2;37;0;0
311;ORD_122;2024/05/26;18:18:00;10;3;37;0;0
312;ORD_122;2024/05/26;18:18:00;20;1;37;0;0
313;ORD_122;2024/05/26;18:18:00;7;3;37;0;0
314;ORD_123;2024/05/30;00:24:00;11;1;2;0;0
315;ORD_123;2024/05/30;00:24:00;12;2;2;0;0
316;ORD_124;2024/08/09;23:39:00;6;3;36;0;0
317;ORD_124;2024/08/09;23:39:00;27;2;36;0;0
318;ORD_124;2024/08/09;23:39:00;11;2;36;0;0
319;ORD_124;2024/08/09;23:39:00;27;3;36;0;0
320;ORD_125;2024/05/14;18:58:00;3;1;42;0;0
321;ORD_126;2024/06/20;22:20:00;20;1;26;0;0
322;ORD_126;2024/06/20;22:20:00;7;1;26;0;0
323;ORD_126;2024/06/20;22:20:00;1;1;26;0;0
324;ORD_126;2024/06/20;22:20:00;10;2;26;0;0
325;ORD_127;2024/06/10;19:14:00;13;1;42;0;0
326;ORD_127;2024/06/10;19:14:00;8;1;42;0;0
327;ORD_128;2024/06/26;11:48:00;7;3;26;1;26
328;ORD_128;2024/06/26;11:48:00;26;2;26;1;26
329;ORD_128;2024/06/26;11:48:00;26;3;26;1;26
330;ORD_128;2024/06/26;11:48:00;13;2;26;1;26
331;ORD_129;2024/06/12;17:33:00;5;3;13;1;13
332;ORD_129;2024/06/12;17:33:00;17;3;13;1;13
333;ORD_129;2024/06/12;17:33:00;6;3;13;1;13
334;ORD_130;2024/05/19;20:54:00;24;1;7;0;0
335;ORD_131;2024/07/14;18:57:00;17;2;36;1;36
336;ORD_131;2024/07/14;18:57:00;21;2;36;1;36
337;ORD_131;2024/07/14;18:57:00;2;3;36;1;36
338;ORD_132;2024/06/29;18:10:00;18;2;10;0;0
339;ORD_133;2024/06/24;22:34:00;22;1;8;1;8
340;ORD_133;2024/06/24;22:34:00;1;1;8;1;8
341;ORD_133;2024/06/24;22:34:00;22;2;8;1;8
342;ORD_134;2024/07/26;20:44:00;13;3;24;0;0
343;ORD_134;2024/07/26;20:44:00;13;3;24;0;0
344;ORD_135;2024/08/06;17:54:00;4;1;46;0;0
345;ORD_136;2024/05/25;00:49:00;10;3;27;0;0
346;ORD_137;2024/05/20;20:16:00;5;3;30;0;0
347;ORD_137;2024/05/20;20:16:00;20;2;30;0;0
348;ORD_137;2024/05/20;20:16:00;13;2;30;0;0
349;ORD_138;2024/07/11;19:34:00;19;2;42;1;42
350;ORD_138;2024/07/11;19:34:00;17;1;42;1;42
351;ORD_139;2024/07/23;14:36:00;17;3;35;0;0
352;ORD_139;2024/07/23;14:36:00;8;3;35;0;0
353;ORD_140;2024/07/03;14:11:00;7;1;19;0;0
354;ORD_140;2024/07/03;14:11:00;9;1;19;0;0
355;ORD_141;2024/06/16;16:37:00;23;3;46;1;46
356;ORD_141;2024/06/16;16:37:00;13;3;46;1;46
357;ORD_142;2024/08/08;20:58:00;7;1;40;0;0
358;ORD_142;2024/08/08;20:58:00;1;1;40;0;0
359;ORD_142;2024/08/08;20:58:00;6;1;40;0;0
360;ORD_143;2024/08/05;16:04:00;20;3;31;0;0
361;ORD_143;2024/08/05;16:04:00;13;1;31;0;0
362;ORD_144;2024/07/08;13:43:00;9;3;44;0;0
363;ORD_144;2024/07/08;13:43:00;10;1;44;0;0
364;ORD_144;2024/07/08;13:43:00;25;3;44;0;0
365;ORD_144;2024/07/08;13:43:00;4;2;44;0;0
366;ORD_145;2024/07/24;20:12:00;18;3;48;1;48
367;ORD_145;2024/07/24;20:12:00;6;2;48;1;48
368;ORD_146;2024/06/06;13:37:00;4;1;10;1;10
369;ORD_147;2024/07/02;14:47:00;14;3;13;0;0
370;ORD_147;2024/07/02;14:47:00;3;3;13;0;0
371;ORD_148;2024/05/30;18:16:00;8;2;5;1;5
372;ORD_148;2024/05/30;18:16:00;22;3;5;1;5
373;ORD_148;2024/05/30;18:16:00;16;2;5;1;5
374;ORD_148;2024/05/30;18:16:00;26;2;5;1;5
375;ORD_149;2024/07/06;17:40:00;23;1;35;0;0
376;ORD_149;2024/07/06;17:40:00;20;1;35;0;0
377;ORD_149;2024/07/06;17:40:00;3;1;35;0;0
378;ORD_150;2024/06/09;15:10:00;16;2;35;1;35
379;ORD_150;2024/06/09;15:10:00;19;3;35;1;35
380;ORD_150;2024/06/09;15:10:00;24;1;35;1;35
381;ORD_151;2024/07/10;23:57:00;27;2;4;0;0
382;ORD_151;2024/07/10;23:57:00;9;3;4;0;0
383;ORD_152;2024/05/28;15:45:00;13;1;45;0;0
384;ORD_153;2024/05/14;11:17:00;2;3;29;1;29
385;ORD_153;2024/05/14;11:17:00;11;2;29;1;29
386;ORD_153;2024/05/14;11:17:00;19;3;29;1;29
387;ORD_154;2024/05/27;19:13:00;7;2;25;0;0
388;ORD_154;2024/05/27;19:13:00;20;2;25;0;0
389;ORD_154;2024/05/27;19:13:00;18;3;25;0;0
390;ORD_155;2024/06/30;20:28:00;7;3;7;0;0
391;ORD_155;2024/06/30;20:28:00;3;2;7;0;0
392;ORD_155;2024/06/30;20:28:00;27;3;7;0;0
393;ORD_156;2024/07/26;20:40:00;13;1;18;0;0
394;ORD_156;2024/07/26;20:40:00;7;1;18;0;0
395;ORD_156;2024/07/26;20:40:00;17;1;18;0;0
396;ORD_156;2024/07/26;20:40:00;13;1;18;0;0
397;ORD_157;2024/06/03;15:10:00;5;1;21;1;21
398;ORD_157;2024/06/03;15:10:00;3;1;21;1;21
399;ORD_158;2024/06/30;15:23:00;12;2;1;1;1
400;ORD_159;2024/06/17;11:56:00;1;3;46;0;0
401;ORD_159;2024/06/17;11:56:00;19;3;46;0;0
402;ORD_160;2024/05/12;15:17:00;11;1;4;0;0
403;ORD_161;2024/07/31;17:10:00;16;1;45;1;45
404;ORD_161;2024/07/31;17:10:00;25;2;45;1;45
405;ORD_161;2024/07/31;17:10:00;6;1;45;1;45
406;ORD_161;2024/07/31;17:10:00;7;1;45;1;45
407;ORD_162;2024/06/03;20:51:00;21;3;42;1;42
408;ORD_162;2024/06/03;20:51:00;25;2;42;1;42
409;ORD_162;2024/06/03;20:51:00;22;3;42;1;42
410;ORD_163;2024/07/15;22:16:00;6;3;40;0;0
411;ORD_163;2024/07/15;22:16:00;20;3;40;0;0
412;ORD_163;2024/07/15;22:16:00;13;2;40;0;0
413;ORD_163;2024/07/15;22:16:00;5;3;40;0;0
414;ORD_164;2024/06/17;13:33:00;26;3;46;1;46
415;ORD_165;2024/07/12;14:17:00;16;3;8;1;8
416;ORD_165;2024/07/12;14:17:00;1;1;8;1;8
417;ORD_165;2024/07/12;14:17:00;25;2;8;1;8
418;ORD_166;2024/06/24;14:15:00;23;2;50;0;0
419;ORD_166;2024/06/24;14:15:00;8;3;50;0;0
420;ORD_167;2024/06/10;18:48:00;22;1;46;1;46
421;ORD_167;2024/06/10;18:48:00;14;2;46;1;46
422;ORD_168;2024/07/08;18:04:00;7;1;39;0;0
423;ORD_169;2024/08/09;21:08:00;6;2;28;1;28
424;ORD_169;2024/08/09;21:08:00;18;2;28;1;28
425;ORD_169;2024/08/09;21:08:00;20;3;28;1;28
426;ORD_169;2024/08/09;21:08:00;13;1;28;1;28
427;ORD_170;2024/07/10;12:54:00;18;1;9;1;9
428;ORD_170;2024/07/10;12:54:00;19;2;9;1;9
429;ORD_171;2024/08/06;14:58:00;14;1;43;1;43
430;ORD_172;2024/07/11;15:40:00;10;1;11;0;0
431;ORD_172;2024/07/11;15:40:00;3;2;11;0;0
432;ORD_173;2024/07/26;16:03:00;25;3;41;1;41
433;ORD_174;2024/05/23;00:20:00;7;1;9;0;0
434;ORD_174;2024/05/23;00:20:00;17;1;9;0;0
435;ORD_174;2024/05/23;00:20:00;11;2;9;0;0
436;ORD_175;2024/07/19;15:33:00;25;1;29;1;29
437;ORD_175;2024/07/19;15:33:00;4;2;29;1;29
438;ORD_175;2024/07/19;15:33:00;18;2;29;1;29
439;ORD_176;2024/07/15;15:58:00;25;3;15;1;15
440;ORD_177;2024/07/25;11:42:00;19;1;32;0;0
441;ORD_177;2024/07/25;11:42:00;16;2;32;0;0
442;ORD_177;2024/07/25;11:42:00;18;3;32;0;0
443;ORD_178;2024/07/02;12:51:00;14;1;36;0;0
444;ORD_178;2024/07/02;12:51:00;3;2;36;0;0
445;ORD_179;2024/06/22;19:35:00;3;1;33;0;0
446;ORD_179;2024/06/22;19:35:00;26;1;33;0;0
447;ORD_180;2024/06/26;13:05:00;4;2;30;1;30
448;ORD_181;2024/08/08;22:42:00;3;2;47;1;47
449;ORD_182;2024/07/11;18:27:00;15;1;19;1;19
450;ORD_182;2024/07/11;18:27:00;16;3;19;1;19
451;ORD_182;2024/07/11;18:27:00;25;3;19;1;19
452;ORD_183;2024/07/15;00:56:00;3;3;30;0;0
453;ORD_183;2024/07/15;00:56:00;25;2;30;0;0
454;ORD_184;2024/05/26;23:23:00;20;2;9;0;0
455;ORD_184;2024/05/26;23:23:00;23;3;9;0;0
456;ORD_184;2024/05/26;23:23:00;10;2;9;0;0
457;ORD_184;2024/05/26;23:23:00;15;3;9;0;0
458;ORD_185;2024/06/15;20:41:00;2;1;27;0;0
459;ORD_185;2024/06/15;20:41:00;16;1;27;0;0
460;ORD_185;2024/06/15;20:41:00;13;3;27;0;0
461;ORD_186;2024/08/03;14:33:00;17;3;22;1;22
462;ORD_186;2024/08/03;14:33:00;16;2;22;1;22
463;ORD_187;2024/05/27;20:48:00;24;1;35;1;35
464;ORD_187;2024/05/27;20:48:00;21;1;35;1;35
465;ORD_187;2024/05/27;20:48:00;26;1;35;1;35
466;ORD_188;2024/08/09;23:02:00;4;2;19;1;19
467;ORD_188;2024/08/09;23:02:00;22;1;19;1;19
468;ORD_188;2024/08/09;23:02:00;6;1;19;1;19
469;ORD_188;2024/08/09;23:02:00;5;3;19;1;19
470;ORD_189;2024/07/22;11:56:00;11;2;15;0;0
471;ORD_190;2024/05/17;22:11:00;6;1;32;1;32
472;ORD_190;2024/05/17;22:11:00;19;1;32;1;32
473;ORD_190;2024/05/17;22:11:00;24;1;32;1;32
474;ORD_191;2024/07/12;16:29:00;10;3;26;1;26
475;ORD_192;2024/07/04;12:28:00;8;3;10;0;0
476;ORD_192;2024/07/04;12:28:00;22;3;10;0;0
477;ORD_192;2024/07/04;12:28:00;27;1;10;0;0
478;ORD_193;2024/06/08;00:52:00;7;1;24;0;0
479;ORD_193;2024/06/08;00:52:00;3;3;24;0;0
480;ORD_193;2024/06/08;00:52:00;21;3;24;0;0
481;ORD_194;2024/06/22;19:02:00;13;3;23;0;0
482;ORD_194;2024/06/22;19:02:00;2;3;23;0;0
483;ORD_194;2024/06/22;19:02:00;4;3;23;0;0
484;ORD_194;2024/06/22;19:02:00;15;3;23;0;0
485;ORD_195;2024/05/17;16:16:00;24;1;13;0;0
486;ORD_196;2024/06/08;21:45:00;4;3;9;1;9
487;ORD_196;2024/06/08;21:45:00;10;1;9;1;9
488;ORD_197;2024/07/10;19:12:00;15;1;34;1;34
489;ORD_197;2024/07/10;19:12:00;14;2;34;1;34
490;ORD_198;2024/06/10;00:27:00;2;1;21;0;0
491;ORD_198;2024/06/10;00:27:00;16;3;21;0;0
492;ORD_199;2024/07/26;13:39:00;12;2;44;1;44
493;ORD_200;2024/07/06;18:37:00;13;3;6;0;0
494;ORD_200;2024/07/06;18:37:00;4;2;6;0;0
495;ORD_200;2024/07/06;18:37:00;4;2;6;0;0
496;ORD_201;2024/06/04;19:01:00;5;1;47;1;47
497;ORD_202;2024/06/23;16:33:00;11;3;19;0;0
498;ORD_203;2024/07/06;14:56:00;2;1;5;0;0
499;ORD_203;2024/07/06;14:56:00;7;3;5;0;0
500;ORD_203;2024/07/06;14:56:00;6;2;5;0;0
501;ORD_204;2024/06/03;16:25:00;26;2;38;0;0
502;ORD_204;2024/06/03;16:25:00;6;3;38;0;0
503;ORD_204;2024/06/03;16:25:00;4;3;38;0;0
504;ORD_204;2024/06/03;16:25:00;23;3;38;0;0
505;ORD_205;2024/08/08;13:33:00;26;2;11;1;11
506;ORD_205;2024/08/08;13:33:00;23;3;11;1;11
507;ORD_205;2024/08/08;13:33:00;2;1;11;1;11
508;ORD_205;2024/08/08;13:33:00;5;1;11;1;11
509;ORD_206;2024/06/17;12:05:00;13;2;45;1;45
510;ORD_206;2024/06/17;12:05:00;24;1;45;1;45
511;ORD_206;2024/06/17;12:05:00;3;1;45;1;45
512;ORD_206;2024/06/17;12:05:00;8;3;45;1;45
513;ORD_207;2024/05/28;20:10:00;23;3;38;1;38
514;ORD_207;2024/05/28;20:10:00;6;2;38;1;38
515;ORD_207;2024/05/28;20:10:00;2;3;38;1;38
516;ORD_208;2024/07/19;14:54:00;24;3;1;1;1
517;ORD_208;2024/07/19;14:54:00;15;2;1;1;1
518;ORD_209;2024/05/16;18:18:00;18;1;23;1;23
519;ORD_209;2024/05/16;18:18:00;17;2;23;1;23
520;ORD_209;2024/05/16;18:18:00;15;1;23;1;23
521;ORD_210;2024/07/29;12:36:00;14;3;13;1;13
522;ORD_211;2024/06/20;17:29:00;26;2;33;0;0
523;ORD_211;2024/06/20;17:29:00;27;2;33;0;0
524;ORD_211;2024/06/20;17:29:00;6;1;33;0;0
525;ORD_211;2024/06/20;17:29:00;1;2;33;0;0
526;ORD_212;2024/08/09;16:09:00;26;2;50;0;0
527;ORD_212;2024/08/09;16:09:00;19;1;50;0;0
528;ORD_213;2024/06/12;22:43:00;19;3;47;0;0
529;ORD_213;2024/06/12;22:43:00;21;2;47;0;0
530;ORD_213;2024/06/12;22:43:00;7;2;47;0;0
531;ORD_214;2024/06/06;19:33:00;2;3;27;0;0
532;ORD_214;2024/06/06;19:33:00;25;2;27;0;0
533;ORD_215;2024/06/11;23:26:00;14;3;1;0;0
534;ORD_215;2024/06/11;23:26:00;8;1;1;0;0
535;ORD_215;2024/06/11;23:26:00;7;1;1;0;0
536;ORD_216;2024/05/31;21:20:00;19;1;25;1;25
537;ORD_216;2024/05/31;21:20:00;22;2;25;1;25
538;ORD_216;2024/05/31;21:20:00;5;1;25;1;25
539;ORD_217;2024/05/29;20:29:00;15;3;37;0;0
540;ORD_217;2024/05/29;20:29:00;15;3;37;0;0
541;ORD_217;2024/05/29;20:29:00;18;1;37;0;0
542;ORD_218;2024/05/22;16:13:00;3;1;35;0;0
543;ORD_218;2024/05/22;16:13:00;21;1;35;0;0
544;ORD_218;2024/05/22;16:13:00;1;2;35;0;0
545;ORD_218;2024/05/22;16:13:00;11;3;35;0;0
546;ORD_219;2024/07/12;11:50:00;23;2;26;1;26
547;ORD_219;2024/07/12;11:50:00;25;3;26;1;26
548;ORD_219;2024/07/12;11:50:00;13;1;26;1;26
549;ORD_219;2024/07/12;11:50:00;24;2;26;1;26
550;ORD_220;2024/08/05;11:10:00;11;1;42;1;42
551;ORD_220;2024/08/05;11:10:00;12;1;42;1;42
552;ORD_221;2024/06/17;15:33:00;21;2;14;1;14
553;ORD_221;2024/06/17;15:33:00;15;1;14;1;14
554;ORD_221;2024/06/17;15:33:00;1;1;14;1;14
555;ORD_221;2024/06/17;15:33:00;13;3;14;1;14
556;ORD_222;2024/07/18;20:34:00;9;1;20;1;20
557;ORD_222;2024/07/18;20:34:00;21;2;20;1;20
558;ORD_222;2024/07/18;20:34:00;15;3;20;1;20
559;ORD_223;2024/06/04;11:02:00;13;3;17;0;0
560;ORD_224;2024/08/10;17:40:00;2;1;43;0;0
561;ORD_224;2024/08/10;17:40:00;26;1;43;0;0
562;ORD_224;2024/08/10;17:40:00;12;2;43;0;0
563;ORD_224;2024/08/10;17:40:00;21;1;43;0;0
564;ORD_225;2024/07/23;14:00:00;12;2;35;0;0
565;ORD_226;2024/06/03;16:32:00;25;1;3;0;0
566;ORD_226;2024/06/03;16:32:00;13;1;3;0;0
567;ORD_226;2024/06/03;16:32:00;22;2;3;0;0
568;ORD_226;2024/06/03;16:32:00;21;1;3;0;0
569;ORD_227;2024/05/21;21:23:00;5;1;43;1;43
570;ORD_228;2024/08/02;20:13:00;14;1;48;1;48
571;ORD_228;2024/08/02;20:13:00;3;2;48;1;48
572;ORD_229;2024/06/29;16:13:00;13;1;4;1;4
573;ORD_229;2024/06/29;16:13:00;6;1;4;1;4
574;ORD_229;2024/06/29;16:13:00;8;1;4;1;4
575;ORD_230;2024/07/07;13:06:00;16;2;45;1;45
576;ORD_230;2024/07/07;13:06:00;17;3;45;1;45
577;ORD_230;2024/07/07;13:06:00;24;2;45;1;45
578;ORD_231;2024/06/12;17:14:00;13;3;41;1;41
579;ORD_231;2024/06/12;17:14:00;14;3;41;1;41
580;ORD_232;2024/06/26;12:05:00;27;3;15;0;0
581;ORD_232;2024/06/26;12:05:00;24;2;15;0;0
582;ORD_232;2024/06/26;12:05:00;2;3;15;0;0
583;ORD_232;2024/06/26;12:05:00;10;2;15;0;0
584;ORD_233;2024/06/26;21:15:00;9;2;30;0;0
585;ORD_233;2024/06/26;21:15:00;8;3;30;0;0
586;ORD_234;2024/05/25;19:16:00;17;1;37;1;37
587;ORD_234;2024/05/25;19:16:00;18;2;37;1;37
588;ORD_235;2024/07/15;21:10:00;5;3;29;1;29
589;ORD_235;2024/07/15;21:10:00;13;2;29;1;29
590;ORD_235;2024/07/15;21:10:00;20;1;29;1;29
591;ORD_236;2024/07/07;00:51:00;23;2;38;0;0
592;ORD_236;2024/07/07;00:51:00;27;1;38;0;0
593;ORD_236;2024/07/07;00:51:00;13;2;38;0;0
594;ORD_236;2024/07/07;00:51:00;21;2;38;0;0
595;ORD_237;2024/05/20;21:22:00;20;1;20;1;20
596;ORD_237;2024/05/20;21:22:00;7;2;20;1;20
597;ORD_238;2024/07/27;22:49:00;6;3;17;0;0
598;ORD_239;2024/08/05;22:31:00;21;2;23;1;23
599;ORD_240;2024/05/24;18:46:00;1;2;39;1;39
600;ORD_240;2024/05/24;18:46:00;12;2;39;1;39
601;ORD_240;2024/05/24;18:46:00;6;3;39;1;39
602;ORD_241;2024/06/14;17:17:00;15;2;10;0;0
603;ORD_241;2024/06/14;17:17:00;20;2;10;0;0
604;ORD_241;2024/06/14;17:17:00;1;2;10;0;0
605;ORD_241;2024/06/14;17:17:00;18;3;10;0;0
606;ORD_242;2024/06/16;22:34:00;19;3;2;0;0
607;ORD_243;2024/07/23;11:16:00;17;1;34;0;0
608;ORD_243;2024/07/23;11:16:00;18;3;34;0;0
609;ORD_243;2024/07/23;11:16:00;3;1;34;0;0
610;ORD_244;2024/06/24;18:49:00;1;3;32;1;32
611;ORD_245;2024/05/16;12:43:00;23;1;18;1;18
612;ORD_245;2024/05/16;12:43:00;6;3;18;1;18
613;ORD_246;2024/06/30;13:24:00;14;1;5;1;5
614;ORD_246;2024/06/30;13:24:00;21;3;5;1;5
615;ORD_247;2024/06/23;13:42:00;15;3;43;0;0
616;ORD_247;2024/06/23;13:42:00;25;2;43;0;0
617;ORD_247;2024/06/23;13:42:00;8;1;43;0;0
618;ORD_247;2024/06/23;13:42:00;17;3;43;0;0
619;ORD_248;2024/08/02;12:21:00;3;1;14;1;14
620;ORD_248;2024/08/02;12:21:00;9;1;14;1;14
621;ORD_249;2024/06/06;14:41:00;22;3;47;0;0
622;ORD_250;2024/05/31;17:06:00;1;3;47;0;0
623;ORD_250;2024/05/31;17:06:00;23;3;47;0;0
624;ORD_250;2024/05/31;17:06:00;11;3;47;0;0
625;ORD_251;2024/08/01;21:10:00;20;1;29;1;29
626;ORD_251;2024/08/01;21:10:00;17;3;29;1;29
627;ORD_251;2024/08/01;21:10:00;14;3;29;1;29
628;ORD_251;2024/08/01;21:10:00;18;1;29;1;29
629;ORD_252;2024/08/05;19:02:00;27;2;47;0;0
630;ORD_252;2024/08/05;19:02:00;25;3;47;0;0
631;ORD_252;2024/08/05;19:02:00;16;3;47;0;0
632;ORD_253;2024/07/26;22:39:00;11;2;12;1;12
633;ORD_253;2024/07/26;22:39:00;24;1;12;1;12
634;ORD_253;2024/07/26;22:39:00;6;3;12;1;12
635;ORD_253;2024/07/26;22:39:00;10;3;12;1;12
636;ORD_254;2024/05/24;00:06:00;17;2;23;0;0
637;ORD_255;2024/06/24;11:34:00;10;2;42;0;0
638;ORD_255;2024/06/24;11:34:00;14;2;42;0;0
639;ORD_255;2024/06/24;11:34:00;11;1;42;0;0
640;ORD_256;2024/05/26;18:17:00;5;3;10;1;10
641;ORD_257;2024/07/22;19:10:00;19;2;1;0;0
642;ORD_257;2024/07/22;19:10:00;10;2;1;0;0
643;ORD_258;2024/07/27;00:47:00;11;1;4;0;0
644;ORD_258;2024/07/27;00:47:00;12;3;4;0;0
645;ORD_259;2024/06/15;12:17:00;23;3;38;1;38
646;ORD_259;2024/06/15;12:17:00;25;1;38;1;38
647;ORD_260;2024/06/28;21:26:00;13;2;45;0;0
648;ORD_260;2024/06/28;21:26:00;15;2;45;0;0
649;ORD_260;2024/06/28;21:26:00;27;2;45;0;0
650;ORD_261;2024/06/21;19:13:00;6;1;45;0;0
651;ORD_261;2024/06/21;19:13:00;1;2;45;0;0
652;ORD_261;2024/06/21;19:13:00;27;2;45;0;0
653;ORD_262;2024/08/10;21:44:00;1;3;31;1;31
654;ORD_262;2024/08/10;21:44:00;16;2;31;1;31
655;ORD_262;2024/08/10;21:44:00;20;3;31;1;31
656;ORD_263;2024/07/31;13:26:00;15;2;29;0;0
657;ORD_263;2024/07/31;13:26:00;11;3;29;0;0
658;ORD_263;2024/07/31;13:26:00;8;1;29;0;0
659;ORD_263;2024/07/31;13:26:00;13;3;29;0;0
660;ORD_264;2024/07/13;23:47:00;7;2;41;0;0
661;ORD_265;2024/05/31;21:20:00;7;3;30;0;0
662;ORD_265;2024/05/31;21:20:00;11;2;30;0;0
663;ORD_265;2024/05/31;21:20:00;1;1;30;0;0
664;ORD_265;2024/05/31;21:20:00;9;3;30;0;0
665;ORD_266;2024/05/22;00:41:00;10;1;37;0;0
666;ORD_266;2024/05/22;00:41:00;20;1;37;0;0
667;ORD_266;2024/05/22;00:41:00;20;1;37;0;0
668;ORD_266;2024/05/22;00:41:00;23;3;37;0;0
669;ORD_267;2024/06/04;17:31:00;23;2;3;1;3
670;ORD_268;2024/08/05;00:27:00;2;1;22;1;22
671;ORD_268;2024/08/05;00:27:00;12;3;22;1;22
672;ORD_268;2024/08/05;00:27:00;9;2;22;1;22
673;ORD_269;2024/07/30;21:50:00;23;1;11;1;11
674;ORD_269;2024/07/30;21:50:00;24;1;11;1;11
675;ORD_270;2024/07/08;20:01:00;6;2;12;0;0
676;ORD_270;2024/07/08;20:01:00;10;3;12;0;0
677;ORD_270;2024/07/08;20:01:00;16;1;12;0;0
678;ORD_271;2024/07/08;18:37:00;27;2;23;1;23
679;ORD_272;2024/08/02;11:46:00;9;3;32;0;0
680;ORD_272;2024/08/02;11:46:00;14;2;32;0;0
681;ORD_273;2024/06/19;20:48:00;2;1;10;1;10
682;ORD_273;2024/06/19;20:48:00;6;1;10;1;10
683;ORD_273;2024/06/19;20:48:00;24;1;10;1;10
684;ORD_274;2024/06/13;11:30:00;18;3;47;0;0
685;ORD_274;2024/06/13;11:30:00;10;2;47;0;0
686;ORD_275;2024/06/10;13:57:00;19;3;39;0;0
687;ORD_275;2024/06/10;13:57:00;4;1;39;0;0
688;ORD_275;2024/06/10;13:57:00;5;2;39;0;0
689;ORD_275;2024/06/10;13:57:00;15;1;39;0;0
690;ORD_276;2024/05/19;13:46:00;9;2;31;1;31
691;ORD_276;2024/05/19;13:46:00;25;2;31;1;31
692;ORD_276;2024/05/19;13:46:00;23;3;31;1;31
693;ORD_276;2024/05/19;13:46:00;16;2;31;1;31
694;ORD_277;2024/05/16;22:57:00;24;1;12;0;0
695;ORD_278;2024/07/14;00:05:00;26;2;12;0;0
696;ORD_278;2024/07/14;00:05:00;14;1;12;0;0
697;ORD_278;2024/07/14;00:05:00;26;3;12;0;0
698;ORD_278;2024/07/14;00:05:00;23;3;12;0;0
699;ORD_279;2024/07/31;00:36:00;23;1;33;1;33
700;ORD_279;2024/07/31;00:36:00;2;2;33;1;33
701;ORD_279;2024/07/31;00:36:00;27;3;33;1;33
702;ORD_280;2024/06/27;11:05:00;1;2;28;0;0
703;ORD_280;2024/06/27;11:05:00;6;3;28;0;0
704;ORD_281;2024/07/06;17:01:00;25;3;1;1;1
705;ORD_281;2024/07/06;17:01:00;8;2;1;1;1
706;ORD_282;2024/06/18;15:43:00;9;1;8;1;8
707;ORD_282;2024/06/18;15:43:00;14;3;8;1;8
708;ORD_282;2024/06/18;15:43:00;22;1;8;1;8
709;ORD_282;2024/06/18;15:43:00;3;3;8;1;8
710;ORD_283;2024/08/08;15:48:00;5;3;50;0;0
711;ORD_283;2024/08/08;15:48:00;2;2;50;0;0
712;ORD_283;2024/08/08;15:48:00;9;2;50;0;0
713;ORD_284;2024/08/03;15:55:00;6;3;25;0;0
714;ORD_284;2024/08/03;15:55:00;14;2;25;0;0
715;ORD_284;2024/08/03;15:55:00;16;3;25;0;0
716;ORD_285;2024/08/05;12:04:00;7;3;15;0;0
717;ORD_286;2024/05/19;22:49:00;23;3;13;1;13
718;ORD_286;2024/05/19;22:49:00;11;3;13;1;13
719;ORD_287;2024/07/15;18:40:00;5;2;7;1;7
720;ORD_287;2024/07/15;18:40:00;27;1;7;1;7
721;ORD_287;2024/07/15;18:40:00;6;3;7;1;7
722;ORD_288;2024/06/16;22:03:00;20;3;12;1;12
723;ORD_288;2024/06/16;22:03:00;15;2;12;1;12
724;ORD_289;2024/05/22;17:19:00;9;2;7;1;7
725;ORD_289;2024/05/22;17:19:00;20;2;7;1;7
726;ORD_289;2024/05/22;17:19:00;15;1;7;1;7
727;ORD_289;2024/05/22;17:19:00;19;1;7;1;7
728;ORD_290;2024/06/24;22:55:00;26;1;35;1;35
729;ORD_290;2024/06/24;22:55:00;17;1;35;1;35
730;ORD_290;2024/06/24;22:55:00;23;3;35;1;35
731;ORD_290;2024/06/24;22:55:00;14;1;35;1;35
732;ORD_291;2024/05/21;15:43:00;23;1;31;0;0
733;ORD_291;2024/05/21;15:43:00;19;1;31;0;0
734;ORD_291;2024/05/21;15:43:00;26;2;31;0;0
735;ORD_291;2024/05/21;15:43:00;15;2;31;0;0
736;ORD_292;2024/06/16;14:45:00;20;3;11;1;11
737;ORD_292;2024/06/16;14:45:00;15;3;11;1;11
738;ORD_293;2024/08/05;20:48:00;27;1;15;0;0
739;ORD_293;2024/08/05;20:48:00;20;1;15;0;0
740;ORD_293;2024/08/05;20:48:00;7;3;15;0;0
741;ORD_293;2024/08/05;20:48:00;14;2;15;0;0
742;ORD_294;2024/06/30;16:26:00;21;2;32;1;32
743;ORD_295;2024/06/06;23:45:00;11;2;13;1;13
744;ORD_295;2024/06/06;23:45:00;26;2;13;1;13
745;ORD_296;2024/08/09;13:10:00;13;1;28;1;28
746;ORD_296;2024/08/09;13:10:00;24;3;28;1;28
747;ORD_296;2024/08/09;13:10:00;22;2;28;1;28
748;ORD_296;2024/08/09;13:10:00;13;3;28;1;28
749;ORD_297;2024/08/09;20:46:00;2;2;3;0;0
750;ORD_298;2024/06/28;21:14:00;15;3;44;1;44
751;ORD_299;2024/06/21;23:57:00;16;1;42;0;0
752;ORD_299;2024/06/21;23:57:00;26;2;42;0;0
753;ORD_299;2024/06/21;23:57:00;15;2;42;0;0
754;ORD_300;2024/06/12;19:01:00;12;3;38;1;38
755;ORD_300;2024/06/12;19:01:00;3;3;38;1;38
756;ORD_300;2024/06/12;19:01:00;24;2;38;1;38
757;ORD_300;2024/06/12;19:01:00;21;2;38;1;38
758;ORD_301;2024/06/29;13:30:00;6;2;38;1;38
759;ORD_301;2024/06/29;13:30:00;15;1;38;1;38
760;ORD_301;2024/06/29;13:30:00;7;3;38;1;38
761;ORD_302;2024/05/17;00:05:00;12;1;8;1;8
762;ORD_302;2024/05/17;00:05:00;8;1;8;1;8
763;ORD_302;2024/05/17;00:05:00;15;1;8;1;8
764;ORD_302;2024/05/17;00:05:00;24;1;8;1;8
765;ORD_303;2024/06/22;22:29:00;25;1;31;1;31
766;ORD_303;2024/06/22;22:29:00;21;2;31;1;31
767;ORD_303;2024/06/22;22:29:00;10;1;31;1;31
768;ORD_303;2024/06/22;22:29:00;17;3;31;1;31
769;ORD_304;2024/06/15;16:55:00;14;1;22;0;0
770;ORD_304;2024/06/15;16:55:00;18;3;22;0;0
771;ORD_304;2024/06/15;16:55:00;14;1;22;0;0
772;ORD_305;2024/08/07;21:14:00;16;2;16;1;16
773;ORD_305;2024/08/07;21:14:00;6;1;16;1;16
774;ORD_305;2024/08/07;21:14:00;9;2;16;1;16
775;ORD_306;2024/06/12;14:57:00;21;3;3;1;3
776;ORD_306;2024/06/12;14:57:00;15;2;3;1;3
777;ORD_306;2024/06/12;14:57:00;5;3;3;1;3
778;ORD_307;2024/07/26;18:35:00;11;1;41;1;41
779;ORD_308;2024/07/21;21:07:00;3;2;50;0;0
780;ORD_309;2024/06/06;17:25:00;19;2;39;1;39
781;ORD_309;2024/06/06;17:25:00;22;1;39;1;39
782;ORD_310;2024/06/19;19:26:00;7;3;23;0;0
783;ORD_310;2024/06/19;19:26:00;15;1;23;0;0
784;ORD_310;2024/06/19;19:26:00;9;2;23;0;0
785;ORD_311;2024/07/01;18:58:00;6;3;6;1;6
786;ORD_312;2024/06/06;00:39:00;23;2;48;1;48
787;ORD_312;2024/06/06;00:39:00;13;2;48;1;48
788;ORD_312;2024/06/06;00:39:00;13;2;48;1;48
789;ORD_313;2024/05/13;23:57:00;24;1;15;0;0
790;ORD_313;2024/05/13;23:57:00;7;2;15;0;0
791;ORD_313;2024/05/13;23:57:00;16;2;15;0;0
792;ORD_313;2024/05/13;23:57:00;11;2;15;0;0
793;ORD_314;2024/05/20;21:32:00;19;2;41;0;0
794;ORD_315;2024/08/08;23:10:00;15;2;39;0;0
795;ORD_315;2024/08/08;23:10:00;12;1;39;0;0
796;ORD_316;2024/08/01;13:08:00;19;2;29;1;29
797;ORD_316;2024/08/01;13:08:00;20;1;29;1;29
798;ORD_316;2024/08/01;13:08:00;2;2;29;1;29
799;ORD_317;2024/06/16;11:47:00;18;1;16;1;16
800;ORD_318;2024/05/16;19:34:00;23;3;4;0;0
801;ORD_318;2024/05/16;19:34:00;27;2;4;0;0
802;ORD_318;2024/05/16;19:34:00;26;3;4;0;0
803;ORD_319;2024/06/21;16:53:00;23;2;15;0;0
804;ORD_319;2024/06/21;16:53:00;24;1;15;0;0
805;ORD_319;2024/06/21;16:53:00;19;3;15;0;0
806;ORD_319;2024/06/21;16:53:00;4;2;15;0;0
807;ORD_320;2024/06/23;13:57:00;8;3;9;0;0
808;ORD_321;2024/06/29;22:54:00;4;1;24;0;0
809;ORD_322;2024/07/08;14:25:00;6;1;16;0;0
810;ORD_322;2024/07/08;14:25:00;3;3;16;0;0
811;ORD_322;2024/07/08;14:25:00;10;3;16;0;0
812;ORD_323;2024/07/16;00:47:00;4;1;14;0;0
813;ORD_323;2024/07/16;00:47:00;1;1;14;0;0
814;ORD_323;2024/07/16;00:47:00;5;1;14;0;0
815;ORD_323;2024/07/16;00:47:00;11;3;14;0;0
816;ORD_324;2024/06/09;16:44:00;8;2;20;1;20
817;ORD_324;2024/06/09;16:44:00;17;3;20;1;20
818;ORD_324;2024/06/09;16:44:00;2;1;20;1;20
819;ORD_324;2024/06/09;16:44:00;12;1;20;1;20
820;ORD_325;2024/05/31;19:13:00;21;1;2;0;0
821;ORD_325;2024/05/31;19:13:00;10;3;2;0;0
822;ORD_325;2024/05/31;19:13:00;22;2;2;0;0
823;ORD_325;2024/05/31;19:13:00;15;1;2;0;0
824;ORD_326;2024/08/06;11:29:00;25;1;1;0;0
825;ORD_326;2024/08/06;11:29:00;9;3;1;0;0
826;ORD_326;2024/08/06;11:29:00;16;1;1;0;0
827;ORD_327;2024/06/26;14:51:00;14;1;31;0;0
828;ORD_327;2024/06/26;14:51:00;18;1;31;0;0
829;ORD_327;2024/06/26;14:51:00;5;1;31;0;0
830;ORD_327;2024/06/26;14:51:00;11;3;31;0;0
831;ORD_328;2024/05/12;13:18:00;1;3;13;0;0
832;ORD_329;2024/05/17;11:17:00;5;2;46;1;46
833;ORD_329;2024/05/17;11:17:00;19;1;46;1;46
834;ORD_329;2024/05/17;11:17:00;9;2;46;1;46
835;ORD_329;2024/05/17;11:17:00;12;3;46;1;46
836;ORD_330;2024/06/28;15:13:00;18;2;29;1;29
837;ORD_330;2024/06/28;15:13:00;2;3;29;1;29
838;ORD_331;2024/05/31;21:56:00;25;2;3;1;3
839;ORD_331;2024/05/31;21:56:00;7;3;3;1;3
840;ORD_331;2024/05/31;21:56:00;20;3;3;1;3
841;ORD_331;2024/05/31;21:56:00;23;1;3;1;3
842;ORD_332;2024/06/11;16:37:00;27;1;13;1;13
843;ORD_332;2024/06/11;16:37:00;16;1;13;1;13
844;ORD_333;2024/06/21;17:26:00;2;3;29;0;0
845;ORD_333;2024/06/21;17:26:00;11;3;29;0;0
846;ORD_333;2024/06/21;17:26:00;14;3;29;0;0
847;ORD_334;2024/08/07;21:33:00;21;2;41;1;41
848;ORD_334;2024/08/07;21:33:00;5;2;41;1;41
849;ORD_334;2024/08/07;21:33:00;4;2;41;1;41
850;ORD_335;2024/06/20;00:04:00;12;1;4;1;4
851;ORD_335;2024/06/20;00:04:00;8;1;4;1;4
852;ORD_335;2024/06/20;00:04:00;3;2;4;1;4
853;ORD_335;2024/06/20;00:04:00;17;1;4;1;4
854;ORD_336;2024/07/30;15:00:00;5;2;16;1;16
855;ORD_337;2024/07/05;18:31:00;6;1;29;1;29
856;ORD_337;2024/07/05;18:31:00;25;2;29;1;29
857;ORD_338;2024/08/03;14:29:00;20;2;3;0;0
858;ORD_339;2024/07/30;18:00:00;16;2;40;1;40
859;ORD_339;2024/07/30;18:00:00;16;3;40;1;40
860;ORD_340;2024/06/25;16:21:00;27;2;32;0;0
861;ORD_341;2024/05/28;16:08:00;24;1;13;0;0
862;ORD_341;2024/05/28;16:08:00;8;2;13;0;0
863;ORD_341;2024/05/28;16:08:00;17;2;13;0;0
864;ORD_341;2024/05/28;16:08:00;6;1;13;0;0
865;ORD_342;2024/07/12;16:22:00;4;1;47;1;47
866;ORD_342;2024/07/12;16:22:00;26;2;47;1;47
867;ORD_342;2024/07/12;16:22:00;8;3;47;1;47
868;ORD_343;2024/05/22;18:08:00;25;2;27;1;27
869;ORD_343;2024/05/22;18:08:00;17;3;27;1;27
870;ORD_344;2024/06/27;12:33:00;20;3;20;0;0
871;ORD_344;2024/06/27;12:33:00;23;1;20;0;0
872;ORD_345;2024/07/19;17:43:00;22;2;27;0;0
873;ORD_346;2024/06/23;16:08:00;8;1;32;0;0
874;ORD_347;2024/06/02;23:40:00;3;2;4;1;4
875;ORD_347;2024/06/02;23:40:00;24;2;4;1;4
876;ORD_348;2024/07/03;16:01:00;15;2;2;0;0
877;ORD_348;2024/07/03;16:01:00;5;1;2;0;0
878;ORD_348;2024/07/03;16:01:00;25;2;2;0;0
879;ORD_348;2024/07/03;16:01:00;18;3;2;0;0
880;ORD_349;2024/05/23;11:47:00;27;1;33;0;0
881;ORD_349;2024/05/23;11:47:00;20;3;33;0;0
882;ORD_349;2024/05/23;11:47:00;9;2;33;0;0
883;ORD_349;2024/05/23;11:47:00;25;3;33;0;0
884;ORD_350;2024/07/31;20:34:00;10;3;38;0;0
885;ORD_350;2024/07/31;20:34:00;15;1;38;0;0
886;ORD_350;2024/07/31;20:34:00;12;1;38;0;0
887;ORD_351;2024/06/20;11:10:00;5;2;38;1;38
888;ORD_351;2024/06/20;11:10:00;25;2;38;1;38
889;ORD_351;2024/06/20;11:10:00;20;1;38;1;38
890;ORD_351;2024/06/20;11:10:00;26;1;38;1;38
891;ORD_352;2024/06/05;20:31:00;22;2;24;0;0
892;ORD_353;2024/05/19;23:26:00;13;3;25;0;0
893;ORD_353;2024/05/19;23:26:00;7;1;25;0;0
894;ORD_353;2024/05/19;23:26:00;14;1;25;0;0
895;ORD_353;2024/05/19;23:26:00;24;1;25;0;0
896;ORD_354;2024/06/02;11:07:00;20;3;48;1;48
897;ORD_355;2024/07/19;17:13:00;8;2;35;0;0
898;ORD_356;2024/08/06;20:19:00;25;3;28;0;0
899;ORD_356;2024/08/06;20:19:00;26;2;28;0;0
900;ORD_356;2024/08/06;20:19:00;26;2;28;0;0
901;ORD_357;2024/08/02;12:59:00;22;2;18;0;0
902;ORD_357;2024/08/02;12:59:00;22;1;18;0;0
903;ORD_357;2024/08/02;12:59:00;18;2;18;0;0
904;ORD_357;2024/08/02;12:59:00;5;2;18;0;0
905;ORD_358;2024/07/06;20:56:00;19;2;50;0;0
906;ORD_358;2024/07/06;20:56:00;14;2;50;0;0
907;ORD_358;2024/07/06;20:56:00;1;3;50;0;0
908;ORD_359;2024/07/03;16:55:00;19;1;49;0;0
909;ORD_359;2024/07/03;16:55:00;9;2;49;0;0
910;ORD_359;2024/07/03;16:55:00;17;3;49;0;0
911;ORD_360;2024/07/18;18:16:00;1;1;18;0;0
912;ORD_360;2024/07/18;18:16:00;18;1;18;0;0
913;ORD_361;2024/06/21;12:05:00;11;3;9;1;9
914;ORD_361;2024/06/21;12:05:00;25;3;9;1;9
915;ORD_361;2024/06/21;12:05:00;11;1;9;1;9
916;ORD_362;2024/07/21;13:24:00;11;2;46;1;46
917;ORD_362;2024/07/21;13:24:00;21;1;46;1;46
918;ORD_362;2024/07/21;13:24:00;6;1;46;1;46
919;ORD_362;2024/07/21;13:24:00;6;2;46;1;46
920;ORD_363;2024/08/07;21:02:00;13;2;19;0;0
921;ORD_364;2024/08/08;19:19:00;2;1;39;1;39
922;ORD_364;2024/08/08;19:19:00;26;2;39;1;39
923;ORD_364;2024/08/08;19:19:00;16;3;39;1;39
924;ORD_364;2024/08/08;19:19:00;26;2;39;1;39
925;ORD_365;2024/05/29;22:50:00;10;2;48;1;48
926;ORD_365;2024/05/29;22:50:00;16;1;48;1;48
927;ORD_366;2024/07/28;12:06:00;3;1;4;0;0
928;ORD_366;2024/07/28;12:06:00;5;3;4;0;0
929;ORD_366;2024/07/28;12:06:00;7;2;4;0;0
930;ORD_366;2024/07/28;12:06:00;1;3;4;0;0
931;ORD_367;2024/06/12;22:35:00;2;1;47;0;0
932;ORD_367;2024/06/12;22:35:00;11;2;47;0;0
933;ORD_367;2024/06/12;22:35:00;12;3;47;0;0
934;ORD_368;2024/06/13;11:14:00;26;2;41;1;41
935;ORD_368;2024/06/13;11:14:00;5;1;41;1;41
936;ORD_368;2024/06/13;11:14:00;11;2;41;1;41
937;ORD_368;2024/06/13;11:14:00;9;1;41;1;41
938;ORD_369;2024/05/16;00:09:00;26;3;49;1;49
939;ORD_370;2024/06/20;23:37:00;14;2;17;0;0
940;ORD_370;2024/06/20;23:37:00;15;3;17;0;0
941;ORD_371;2024/06/27;15:57:00;11;1;19;1;19
942;ORD_371;2024/06/27;15:57:00;1;2;19;1;19
943;ORD_371;2024/06/27;15:57:00;7;3;19;1;19
944;ORD_372;2024/06/10;16:18:00;26;2;28;1;28
945;ORD_372;2024/06/10;16:18:00;19;1;28;1;28
946;ORD_373;2024/06/23;23:01:00;15;1;8;1;8
947;ORD_374;2024/08/08;16:36:00;9;1;46;1;46
948;ORD_375;2024/08/05;14:51:00;9;3;13;1;13
949;ORD_376;2024/07/03;14:54:00;22;1;40;1;40
950;ORD_376;2024/07/03;14:54:00;27;3;40;1;40
951;ORD_377;2024/07/15;23:18:00;24;2;3;0;0
952;ORD_377;2024/07/15;23:18:00;4;3;3;0;0
953;ORD_377;2024/07/15;23:18:00;26;3;3;0;0
954;ORD_377;2024/07/15;23:18:00;21;2;3;0;0
955;ORD_378;2024/08/08;12:58:00;11;3;33;1;33
956;ORD_378;2024/08/08;12:58:00;25;3;33;1;33
957;ORD_379;2024/07/07;16:24:00;15;2;30;1;30
958;ORD_379;2024/07/07;16:24:00;12;2;30;1;30
959;ORD_379;2024/07/07;16:24:00;16;3;30;1;30
960;ORD_379;2024/07/07;16:24:00;13;3;30;1;30
961;ORD_380;2024/07/12;15:12:00;16;2;42;0;0
962;ORD_380;2024/07/12;15:12:00;9;3;42;0;0
963;ORD_381;2024/08/01;20:34:00;18;2;10;1;10
964;ORD_381;2024/08/01;20:34:00;18;1;10;1;10
965;ORD_381;2024/08/01;20:34:00;11;3;10;1;10
966;ORD_381;2024/08/01;20:34:00;22;3;10;1;10
967;ORD_382;2024/08/05;18:36:00;6;3;7;1;7
968;ORD_382;2024/08/05;18:36:00;7;3;7;1;7
969;ORD_383;2024/07/22;19:33:00;11;3;20;0;0
970;ORD_384;2024/07/29;13:01:00;12;3;39;1;39
971;ORD_385;2024/05/13;23:23:00;12;1;9;0;0
972;ORD_385;2024/05/13;23:23:00;25;3;9;0;0
973;ORD_385;2024/05/13;23:23:00;9;1;9;0;0
974;ORD_386;2024/05/24;16:36:00;24;2;7;0;0
975;ORD_386;2024/05/24;16:36:00;27;1;7;0;0
976;ORD_387;2024/05/12;21:23:00;4;2;18;0;0
977;ORD_387;2024/05/12;21:23:00;25;1;18;0;0
978;ORD_388;2024/07/30;11:53:00;3;3;47;1;47
979;ORD_389;2024/08/09;21:29:00;23;2;40;1;40
980;ORD_389;2024/08/09;21:29:00;17;2;40;1;40
981;ORD_389;2024/08/09;21:29:00;21;3;40;1;40
982;ORD_390;2024/05/14;11:08:00;24;1;20;1;20
983;ORD_390;2024/05/14;11:08:00;25;3;20;1;20
984;ORD_390;2024/05/14;11:08:00;11;2;20;1;20
985;ORD_391;2024/06/02;20:54:00;27;1;33;0;0
986;ORD_391;2024/06/02;20:54:00;11;3;33;0;0
987;ORD_391;2024/06/02;20:54:00;4;1;33;0;0
988;ORD_392;2024/05/12;13:26:00;17;2;47;1;47
989;ORD_392;2024/05/12;13:26:00;2;3;47;1;47
990;ORD_392;2024/05/12;13:26:00;4;1;47;1;47
991;ORD_393;2024/07/31;14:12:00;5;3;19;1;19
992;ORD_393;2024/07/31;14:12:00;24;3;19;1;19
993;ORD_393;2024/07/31;14:12:00;22;1;19;1;19
994;ORD_394;2024/05/28;23:53:00;26;3;42;1;42
995;ORD_394;2024/05/28;23:53:00;8;3;42;1;42
996;ORD_395;2024/07/20;20:32:00;8;1;6;1;6
997;ORD_395;2024/07/20;20:32:00;3;3;6;1;6
998;ORD_395;2024/07/20;20:32:00;20;1;6;1;6
999;ORD_396;2024/07/03;21:42:00;2;2;6;1;6
1000;ORD_396;2024/07/03;21:42:00;17;3;6;1;6
1001;ORD_397;2024/06/17;00:14:00;2;3;14;1;14
1002;ORD_397;2024/06/17;00:14:00;23;1;14;1;14
1003;ORD_397;2024/06/17;00:14:00;12;1;14;1;14
1004;ORD_398;2024/05/24;17:48:00;16;3;36;1;36
1005;ORD_398;2024/05/24;17:48:00;10;3;36;1;36
1006;ORD_398;2024/05/24;17:48:00;1;3;36;1;36
1007;ORD_398;2024/05/24;17:48:00;26;1;36;1;36
1008;ORD_399;2024/05/19;22:04:00;3;3;16;0;0
1009;ORD_399;2024/05/19;22:04:00;5;2;16;0;0
1010;ORD_399;2024/05/19;22:04:00;9;3;16;0;0
1011;ORD_399;2024/05/19;22:04:00;8;1;16;0;0
1012;ORD_400;2024/05/12;17:43:00;19;3;43;1;43
1013;ORD_400;2024/05/12;17:43:00;16;1;43;1;43
1014;ORD_400;2024/05/12;17:43:00;25;2;43;1;43
1015;ORD_401;2024/06/12;19:11:00;17;2;31;1;31
1016;ORD_401;2024/06/12;19:11:00;12;2;31;1;31
1017;ORD_401;2024/06/12;19:11:00;14;1;31;1;31
1018;ORD_401;2024/06/12;19:11:00;10;3;31;1;31
1019;ORD_402;2024/07/24;15:13:00;21;2;50;0;0
1020;ORD_403;2024/06/17;12:38:00;27;2;26;1;26
1021;ORD_403;2024/06/17;12:38:00;7;3;26;1;26
1022;ORD_403;2024/06/17;12:38:00;24;3;26;1;26
1023;ORD_404;2024/06/24;17:09:00;26;2;42;0;0
